{"y_ss_0": [-0.0335, 0.0642], "y_ss_20": [-4e-05, 0.1042], "y_ss_40": [0.005, 0.1202], "y_ss_60": [0.0059, 0.14265999999999998], "y_ss_80": [0.0066, 0.16180999999999998], "y_ss_100": [0.0072, 0.17824], "y_ss_120": [0.0077, 0.19247999999999998], "y_ss_140": [0.0081, 0.20496], "y_ss_160": [0.00845, 0.21561999999999998], "y_ss_180": [0.00875, 0.22496999999999998], "y_ss_200": [0.009000000000000001, 0.23351999999999998], "y_ss_220": [0.0092, 0.24069000000000002], "y_ss_240": [0.0094, 0.24711], "y_ss_260": [0.0096, 0.25272], "y_ss_280": [0.0097, 0.25739], "y_ss_300": [0.0098, 0.26155], "y_ss_320": [0.0099, 0.26475], "y_ss_340": [0.01, 0.26759], "y_ss_360": [0.01, 0.26954], "y_ss_380": [0.01, 0.27119], "y_ss_400": [0.01, 0.27205999999999997], "y_ss_420": [0.01, 0.27265], "y_ss_440": [0.01, 0.27255999999999997], "y_ss_460": [0.0099, 0.27223], "y_ss_480": [0.0098, 0.27126999999999996], "y_ss_500": [0.0097, 0.27015], "y_ss_520": [0.0096, 0.26841], "y_ss_540": [0.0095, 0.26655999999999996], "y_ss_560": [0.0093, 0.26416], "y_ss_580": [0.0091, 0.26161999999999996], "y_ss_600": [0.0089, 0.2587], "y_ss_620": [0.0087, 0.2555], "y_ss_640": [0.00845, 0.2521], "y_ss_660": [0.00815, 0.24828000000000003], "y_ss_680": [0.00785, 0.24429], "y_ss_700": [0.00755, 0.24001999999999998], "y_ss_720": [0.0072, 0.23542], "y_ss_740": [0.0068, 0.2306], "y_ss_760": [0.0064, 0.22555], "y_ss_780": [0.006, 0.22013000000000002], "y_ss_800": [0.00555, 0.21447], "y_ss_820": [0.0048, 0.20856999999999998], "y_ss_840": [0.0005, 0.20240999999999998], "y_ss_860": [-0.004, 0.19597], "y_ss_880": [-0.0087, 0.18928], "y_ss_900": [-0.0136, 0.18231], "y_ss_920": [-0.0187, 0.17511], "y_ss_940": [-0.0241, 0.16769], "y_ss_960": [-0.0298, 0.15855], "y_ss_980": [-0.0357, 0.14232999999999998], "y_ss_1000": [-0.042, 0.1099], "y_ps_0": [-0.039189999999999996, 0.0642], "y_ps_20": [-0.08332, 0.0312], "y_ps_40": [-0.09777999999999999, 0.0224], "y_ps_60": [-0.11715999999999999, 0.02256], "y_ps_80": [-0.13228, 0.03207], "y_ps_100": [-0.14475, 0.041280000000000004], "y_ps_120": [-0.15517, 0.049339999999999995], "y_ps_140": [-0.16401, 0.05741], "y_ps_160": [-0.17152, 0.06373999999999999], "y_ps_180": [-0.17767, 0.07125], "y_ps_200": [-0.18304, 0.07764], "y_ps_220": [-0.18777, 0.08611], "y_ps_240": [-0.19149000000000002, 0.09391000000000001], "y_ps_260": [-0.19474, 0.10107000000000001], "y_ps_280": [-0.19754000000000002, 0.10753], "y_ps_300": [-0.19964, 0.11337], "y_ps_320": [-0.20147, 0.11862], "y_ps_340": [-0.2029, 0.1233], "y_ps_360": [-0.20394, 0.12742], "y_ps_380": [-0.20479, 0.13099], "y_ps_400": [-0.20528000000000002, 0.13401], "y_ps_420": [-0.20556, 0.13644], "y_ps_440": [-0.20568000000000003, 0.13829], "y_ps_460": [-0.20548000000000002, 0.13960999999999998], "y_ps_480": [-0.20515, 0.14042000000000002], "y_ps_500": [-0.20463, 0.1407], "y_ps_520": [-0.20389000000000002, 0.14047], "y_ps_540": [-0.20304, 0.13969], "y_ps_560": [-0.20201, 0.1383], "y_ps_580": [-0.20081, 0.13639], "y_ps_600": [-0.19952, 0.13394], "y_ps_620": [-0.19807, 0.13096], "y_ps_640": [-0.19649, 0.12744], "y_ps_660": [-0.19482, 0.12337000000000001], "y_ps_680": [-0.19303, 0.11869], "y_ps_700": [-0.19113, 0.11338], "y_ps_720": [-0.18915, 0.10747999999999999], "y_ps_740": [-0.18708, 0.10098], "y_ps_760": [-0.18491, 0.09385], "y_ps_780": [-0.18268, 0.08623], "y_ps_800": [-0.18037999999999998, 0.07839], "y_ps_820": [-0.17802, 0.07055], "y_ps_840": [-0.17559, 0.06271], "y_ps_860": [-0.17313, 0.05487], "y_ps_880": [-0.17062, 0.04703], "y_ps_900": [-0.16808, 0.0392], "y_ps_920": [-0.16551, 0.03136], "y_ps_940": [-0.16296, 0.03336], "y_ps_960": [-0.15865, 0.0355], "y_ps_980": [-0.14802, 0.0375], "y_ps_1000": [-0.12402, 0.0395], "Cl": [-1.7636, 2.5113], "Cd": [0.00265, 0.26677], "Cdp": [-0.00108, 0.25984], "Cm": [-0.3268, 0.2505], "cp_ss_0": [-26.267129999999998, 1.0], "cp_ss_20": [-9.427589999999999, 1.0], "cp_ss_40": [-6.8619699999999995, 0.9999100000000001], "cp_ss_60": [-6.10869, 0.9999299999999999], "cp_ss_80": [-5.2174, 0.99093], "cp_ss_100": [-4.97735, 0.95055], "cp_ss_120": [-4.7834900000000005, 0.89302], "cp_ss_140": [-4.5826, 0.83481], "cp_ss_160": [-4.30501, 0.785], "cp_ss_180": [-3.9152199999999997, 0.74348], "cp_ss_200": [-3.5797, 0.69748], "cp_ss_220": [-3.3815699999999995, 0.66038], "cp_ss_240": [-3.3812300000000004, 0.62756], "cp_ss_260": [-3.33081, 0.59828], "cp_ss_280": [-3.25648, 0.5755], "cp_ss_300": [-2.96808, 0.55493], "cp_ss_320": [-2.51098, 0.52618], "cp_ss_340": [-2.33818, 0.49327], "cp_ss_360": [-2.30756, 0.46806000000000003], "cp_ss_380": [-2.2819, 0.45411999999999997], "cp_ss_400": [-2.21123, 0.44451999999999997], "cp_ss_420": [-2.15315, 0.436], "cp_ss_440": [-2.0457799999999997, 0.42772], "cp_ss_460": [-1.89325, 0.42057], "cp_ss_480": [-1.83234, 0.41393], "cp_ss_500": [-1.97331, 0.40749], "cp_ss_520": [-1.78785, 0.40104], "cp_ss_540": [-1.7375599999999998, 0.39518000000000003], "cp_ss_560": [-1.70783, 0.38977], "cp_ss_580": [-1.67091, 0.38389], "cp_ss_600": [-1.53172, 0.37831], "cp_ss_620": [-1.50168, 0.37282], "cp_ss_640": [-1.47651, 0.36667], "cp_ss_660": [-1.43278, 0.36209], "cp_ss_680": [-1.4050799999999999, 0.35725], "cp_ss_700": [-1.3598700000000001, 0.35166], "cp_ss_720": [-1.29846, 0.34661], "cp_ss_740": [-1.2722, 0.34206], "cp_ss_760": [-1.24422, 0.33563000000000004], "cp_ss_780": [-1.21255, 0.32988], "cp_ss_800": [-1.17953, 0.32393], "cp_ss_820": [-1.14795, 0.32675], "cp_ss_840": [-1.1226399999999999, 0.36299000000000003], "cp_ss_860": [-1.1060299999999998, 0.3895], "cp_ss_880": [-1.0193299999999998, 0.42076], "cp_ss_900": [-0.9092100000000001, 0.49968999999999997], "cp_ss_920": [-0.77661, 0.44671000000000005], "cp_ss_940": [-0.8344299999999999, 0.41088], "cp_ss_960": [-0.74803, 0.38794], "cp_ss_980": [-0.85975, 0.37046], "cp_ss_1000": [-0.97355, 0.35903], "cp_ps_0": [-26.267129999999998, 1.0], "cp_ps_20": [-10.06499, 1.0], "cp_ps_40": [-6.85297, 0.99997], "cp_ps_60": [-4.73346, 0.99998], "cp_ps_80": [-4.38704, 0.9965299999999999], "cp_ps_100": [-4.149, 0.9725799999999999], "cp_ps_120": [-3.84542, 0.9344], "cp_ps_140": [-3.86461, 0.8951399999999999], "cp_ps_160": [-3.79656, 0.88371], "cp_ps_180": [-3.55151, 0.8744799999999999], "cp_ps_200": [-3.23916, 0.8666299999999999], "cp_ps_220": [-3.2277299999999998, 0.85969], "cp_ps_240": [-3.06607, 0.8534299999999999], "cp_ps_260": [-2.99525, 0.8476799999999999], "cp_ps_280": [-2.62263, 0.8466899999999999], "cp_ps_300": [-2.50801, 0.8616], "cp_ps_320": [-2.39993, 0.84634], "cp_ps_340": [-2.28482, 0.8458], "cp_ps_360": [-2.0968299999999997, 0.84521], "cp_ps_380": [-1.8976400000000002, 0.8442], "cp_ps_400": [-1.89255, 0.8433200000000001], "cp_ps_420": [-1.8869999999999998, 0.84188], "cp_ps_440": [-1.88123, 0.8400200000000001], "cp_ps_460": [-1.87495, 0.83768], "cp_ps_480": [-1.7690000000000001, 0.8352299999999999], "cp_ps_500": [-1.7189400000000001, 0.83244], "cp_ps_520": [-1.59356, 0.8294], "cp_ps_540": [-1.57276, 0.8261200000000001], "cp_ps_560": [-1.42474, 0.8215399999999999], "cp_ps_580": [-1.3568, 0.8165600000000001], "cp_ps_600": [-1.24433, 0.81088], "cp_ps_620": [-1.21917, 0.80461], "cp_ps_640": [-1.13055, 0.79757], "cp_ps_660": [-1.11365, 0.78978], "cp_ps_680": [-1.0326799999999998, 0.7803800000000001], "cp_ps_700": [-1.02242, 0.7688], "cp_ps_720": [-0.9606899999999999, 0.75493], "cp_ps_740": [-0.94809, 0.73806], "cp_ps_760": [-0.89399, 0.71592], "cp_ps_780": [-0.85685, 0.68792], "cp_ps_800": [-0.9642299999999999, 0.65695], "cp_ps_820": [-0.80913, 0.62666], "cp_ps_840": [-0.787, 0.59725], "cp_ps_860": [-0.76684, 0.5684], "cp_ps_880": [-0.7168399999999999, 0.547], "cp_ps_900": [-0.65735, 0.5489999999999999], "cp_ps_920": [-0.68548, 0.54803], "cp_ps_940": [-0.93773, 0.5373], "cp_ps_960": [-0.84378, 0.5172], "cp_ps_980": [-0.89445, 0.45921999999999996], "cp_ps_1000": [-0.6635800000000001, 0.40113000000000004], "Re": [50000.0, 5000000.0], "Ncrit": [0.0, 9.0], "alpha": [-20.0, 24.0]}